,precision,recall,f1-score,support
Negative,0.939344262,0.9168,0.927935223,3750
Positive,0.91875,0.9408,0.929644269,3750
accuracy,0.9288,0.9288,0.9288,0.9288
macro avg,0.929047131,0.9288,0.928789746,7500
weighted avg,0.929047131,0.9288,0.928789746,7500