,precision,recall,f1-score,support
Negative,0.9058637917433605,0.9186666666666666,0.9122203098106714,3750.0
Positive,0.9175006762239654,0.9045333333333333,0.910970860749295,3750.0
accuracy,0.9116,0.9116,0.9116,0.9116
macro avg,0.911682233983663,0.9116,0.9115955852799832,7500.0
weighted avg,0.9116822339836629,0.9116,0.9115955852799832,7500.0
